schema,ksp-continuum-input-timeline/v1
duration,2
track,name,min,max
track,mainThrottle,0,1
track,pitch,-1,1
track,yaw,-1,1
track,roll,-1,1
track,pitchTrim,-1,1
track,yawTrim,-1,1
track,rollTrim,-1,1
track,wheelSteer,-1,1
track,wheelSteerTrim,-1,1
track,wheelThrottle,-1,1
track,wheelThrottleTrim,-1,1
track,X,-1,1
track,Y,-1,1
track,Z,-1,1
key,track,time,value,mode,control1,control2
key,mainThrottle,0,0,step,0,0
key,pitch,0,0,step,0,0
key,yaw,0,0,step,0,0
key,roll,0,0,step,0,0
key,pitchTrim,0,0,step,0,0
key,yawTrim,0,0,step,0,0
key,rollTrim,0,0,step,0,0
key,wheelSteer,0,0,step,0,0
key,wheelSteerTrim,0,0,step,0,0
key,wheelThrottle,0,0,step,0,0
key,wheelThrottleTrim,0,0,step,0,0
key,X,0,0,step,0,0
key,Y,0,0,step,0,0
key,Z,0,0,step,0,0
event,time,name,value
